humidity,1428109233209,001,33.0
humidity,1428109288040,001,32.0
temp,1428109405116,001,71.6
temp,1428109465064,001,71.6
temp,1428109525005,001,71.6
humidity,1428109612220,001,33.0
temp,1428109643970,001,71.6
humidity,1428109670251,001,33.0
temp,1428109701999,001,71.6
humidity,1428109728394,001,33.0
temp,1428109760130,001,71.6
temp,1428109869041,001,71.6
temp,1428109930172,001,71.6
temp,1428109991304,001,71.6
humidity,1428110018928,001,33.0
temp,1428110050694,001,71.6
humidity,1428110078342,001,33.0
temp,1428110110086,001,73.4
humidity,1428110137572,001,32.0
temp,1428110169313,001,73.4
humidity,1428110196817,001,32.0
temp,1428110228562,001,71.6
humidity,1428110256107,001,33.0
temp,1428110287850,001,73.4
humidity,1428110315396,001,32.0
temp,1428110347139,001,73.4
humidity,1428110374685,001,34.0
temp,1428110406428,001,73.4
temp,1428110467560,001,73.4
temp,1428110528794,001,73.4
humidity,1428110556350,001,32.0
temp,1428110588084,001,73.4
humidity,1428110615731,001,32.0
humidity,1428110676864,001,32.0
temp,1428110708607,001,73.4
humidity,1428110736152,001,32.0
humidity,1428110797387,001,33.0
temp,1428110829234,001,71.6
humidity,1428110856676,001,33.0
humidity,1428110917717,001,33.0
temp,1428110949450,001,73.4
humidity,1428110976995,001,32.0
temp,1428111008842,001,71.6
humidity,1428111036490,001,33.0
temp,1428111068337,001,71.6
humidity,1428111095881,001,33.0
temp,1428111127623,001,73.4
temp,1428111188755,001,73.4
temp,1428111249990,001,73.4
temp,1428111311121,001,71.6
humidity,1428111338769,001,33.0
humidity,1428111399901,001,33.0
temp,1428111431748,001,71.6
humidity,1428111459293,001,33.0
temp,1428111491139,001,71.6
temp,1428111552271,001,71.6
temp,1428111613505,001,71.6
humidity,1428111641153,001,33.0
temp,1428111672897,001,73.4
temp,1428111733927,001,71.6
humidity,1428111761414,001,33.0
temp,1428111793217,001,73.4
humidity,1428111820762,001,32.0
temp,1428111852609,001,71.6
humidity,1428111880258,001,33.0
humidity,1428551204688,001,33
humidity,1428551269476,001,33
humidity,1428553034251,001,33
humidity,1428553349409,001,31.0
temp,1428553381067,001,75.2
humidity,1428553408454,001,31.0
temp,1428553440115,001,75.2
humidity,1428553467460,001,31.0
temp,1428553499115,001,75.2
humidity,1428553526460,001,31.0
temp,1428553558076,001,75.2
humidity,1428553585491,001,31.0
temp,1428553617168,001,75.2
humidity,1428553644518,001,31.0
temp,1428553676161,001,75.2
humidity,1428553703555,001,31.0
humidity,1428556695941,001,31.0
humidity,1428556755131,001,31.0
temp,1428556786719,001,75.2
humidity,1428556813999,001,31.0
temp,1428556845610,001,75.2
humidity,1428556872942,001,31.0
temp,1428556904588,001,75.2
temp,1428557027478,001,75.2
humidity,1428557054848,001,31.0
temp,1428557086462,001,75.2
humidity,1428557113828,001,31.0
temp,1428557145491,001,75.2
humidity,1428557172851,001,31.0
temp,1428557204531,001,75.2
humidity,1428557231929,001,31.0
temp,1428557263569,001,75.2
humidity,1428557290929,001,31.0
temp,1428557322529,001,75.2
humidity,1428557349969,001,31.0
temp,1428557381569,001,75.2
humidity,1428557408937,001,31.0
temp,1428557440569,001,75.2
humidity,1428557467972,001,31.0
temp,1428557499609,001,75.2
humidity,1428557526969,001,31.0
temp,1428557558650,001,75.2
humidity,1428557586010,001,31.0
temp,1428557617648,001,75.2
humidity,1428557645049,001,31.0
temp,1428557676649,001,75.2
humidity,1428557704009,001,31.0
temp,1428557735690,001,75.2
humidity,1428557763009,001,31.0
temp,1428557794649,001,75.2
humidity,1428557822049,001,31.0
temp,1428557853721,001,75.2
humidity,1428557881081,001,31.0
temp,1428557912684,001,75.2
humidity,1428557940129,001,31.0
temp,1428557971724,001,75.2
humidity,1428557999089,001,31.0
temp,1428558030722,001,75.2
humidity,1428558058161,001,31.0
temp,1428558089770,001,75.2
humidity,1428558117121,001,31.0
temp,1428558148801,001,75.2
humidity,1428558176200,001,31.0
temp,1428558207801,001,75.2
humidity,1428558235201,001,31.0
temp,1428558266882,001,75.2
humidity,1428558294203,001,31.0
temp,1428558325841,001,75.2
humidity,1428558353297,001,31.0
temp,1428558384841,001,75.2
humidity,1428558412241,001,31.0
temp,1428558443921,001,75.2
humidity,1428558471281,001,31.0
temp,1428558502962,001,75.2
humidity,1428558530281,001,31.0
temp,1428558561969,001,75.2
humidity,1428558589361,001,31.0
temp,1428558620969,001,75.2
humidity,1428558648361,001,31.0
temp,1428558679962,001,75.2
humidity,1428558707402,001,31.0
temp,1428558739001,001,75.2
humidity,1428558766361,001,31.0
temp,1428558798002,001,75.2
humidity,1428558825361,001,31.0
temp,1428558857081,001,75.2
humidity,1428558884401,001,31.0
temp,1428558916042,001,75.2
humidity,1428558943482,001,31.0
temp,1428558975043,001,75.2
humidity,1428559002441,001,31.0
temp,1428559034083,001,75.2
humidity,1428559061441,001,31.0
temp,1428559093081,001,75.2
humidity,1428559120481,001,31.0
temp,1428559152082,001,75.2
humidity,1428559179522,001,31.0
temp,1428559211121,001,75.2
humidity,1428559238521,001,31.0
temp,1428559270161,001,75.2
humidity,1428559297562,001,31.0
temp,1428559329202,001,75.2
humidity,1428559356561,001,31.0
temp,1428559388161,001,75.2
humidity,1428559415603,001,31.0
temp,1428559447241,001,75.2
humidity,1428559474562,001,32.0
temp,1428559506201,001,75.2
humidity,1428559533602,001,31.0
temp,1428559565241,001,75.2
humidity,1428559592650,001,31.0
temp,1428559624281,001,75.2
humidity,1428559651689,001,31.0
temp,1428559683281,001,75.2
humidity,1428559710721,001,31.0
temp,1428559742362,001,75.2
humidity,1428559769681,001,31.0
temp,1428559801322,001,75.2
humidity,1428559828722,001,31.0
temp,1428559860402,001,75.2
humidity,1428559887761,001,31.0
temp,1428559919377,001,75.2
humidity,1428559946809,001,31.0
temp,1428559979401,001,75.2
humidity,1428560005842,001,31.0
temp,1428560037401,001,75.2
humidity,1428560064841,001,31.0
temp,1428560096481,001,75.2
humidity,1428560123801,001,31.0
temp,1428560155441,001,75.2
humidity,1428560182841,001,31.0
temp,1428560214482,001,75.2
humidity,1428560241843,001,31.0
temp,1428560273481,001,75.2
humidity,1428560300881,001,31.0
temp,1428560332481,001,75.2
humidity,1428560359881,001,31.0
temp,1428560391522,001,75.2
humidity,1428560418930,001,31.0
temp,1428560450602,001,75.2
humidity,1428560477923,001,31.0
temp,1428560509610,001,75.2
humidity,1428560536962,001,31.0
temp,1428560568602,001,75.2
humidity,1428560595977,001,31.0
temp,1428560627601,001,75.2
humidity,1428560654961,001,31.0
temp,1428560686642,001,75.2
humidity,1428560713961,001,31.0
temp,1428560745682,001,75.2
humidity,1428560773001,001,31.0
temp,1428560804641,001,75.2
humidity,1428560832082,001,31.0
temp,1428560863682,001,75.2
humidity,1428560891041,001,31.0
temp,1428560922739,001,75.2
humidity,1428560950040,001,31.0
temp,1428560981721,001,75.2
humidity,1428561009130,001,31.0
temp,1428561040725,001,75.2
humidity,1428561068121,001,31.0
temp,1428561099762,001,75.2
humidity,1428561127161,001,31.0
temp,1428561158762,001,75.2
humidity,1428561186161,001,31.0
temp,1428561217762,001,75.2
humidity,1428561245161,001,31.0
temp,1428561276801,001,75.2
humidity,1428561304161,001,31.0
temp,1428561335841,001,75.2
humidity,1428561363161,001,31.0
temp,1428561394841,001,75.2
humidity,1428561422242,001,31.0
temp,1428561453882,001,75.2
humidity,1428561481241,001,31.0
temp,1428561512841,001,75.2
humidity,1428561540240,001,31.0
temp,1428561571841,001,75.2
humidity,1428561599249,001,31.0
temp,1428561630929,001,75.2
humidity,1428561658281,001,31.0
temp,1428561689979,001,75.2
humidity,1428561717339,001,31.0
temp,1428561748969,001,75.2
humidity,1428561776281,001,31.0
temp,1428561807926,001,75.2
humidity,1428561835361,001,31.0
temp,1428561866962,001,75.2
humidity,1428561894361,001,31.0
temp,1428561926010,001,75.2
humidity,1428561953361,001,31.0
temp,1428561985009,001,75.2
humidity,1428562012402,001,31.0
temp,1428562044001,001,75.2
humidity,1428562071401,001,31.0
temp,1428562103001,001,75.2
humidity,1428562130402,001,31.0
temp,1428562162041,001,75.2
humidity,1428562189409,001,31.0
temp,1428562221057,001,75.2
humidity,1428562248449,001,31.0
temp,1428562280081,001,75.2
humidity,1428562307441,001,31.0
temp,1428562339122,001,75.2
humidity,1428562366488,001,31.0
temp,1428562398161,001,75.2
humidity,1428562425481,001,31.0
temp,1428562457161,001,75.2
humidity,1428562484481,001,31.0
temp,1428562516160,001,77.0
humidity,1428562543521,001,30.0
temp,1428562575161,001,91.4
humidity,1428562602521,001,25.0
temp,1428562634161,001,95.0
humidity,1428562661569,001,24.0
temp,1428562693249,001,96.8
humidity,1428562720598,001,24.0
temp,1428562752284,001,96.8
humidity,1428562779644,001,25.0
temp,1428562811269,001,96.8
humidity,1428562838628,001,25.0
temp,1428562870268,001,95.0
humidity,1428562897669,001,25.0
temp,1428562929308,001,95.0
humidity,1428562956708,001,25.0
temp,1428562988348,001,95.0
humidity,1428563015708,001,25.0
temp,1428563047397,001,95.0
humidity,1428563074749,001,25.0
temp,1428563106432,001,95.0
humidity,1428563133748,001,25.0
temp,1428563165428,001,95.0
humidity,1428563192749,001,25.0
temp,1428563224428,001,95.0
humidity,1428563251787,001,25.0
temp,1428563283476,001,93.2
humidity,1428563310788,001,26.0
temp,1428563342469,001,93.2
humidity,1428563369827,001,26.0
temp,1428563401469,001,93.2
humidity,1428563428868,001,26.0
temp,1428563460476,001,93.2
humidity,1428563487868,001,26.0
temp,1428563519548,001,93.2
humidity,1428563546908,001,26.0
temp,1428563578556,001,91.4
humidity,1428563605949,001,26.0
temp,1428563637595,001,93.2
humidity,1428563664908,001,26.0
temp,1428563696587,001,95.0
humidity,1428563723988,001,25.0
temp,1428563755627,001,95.0
humidity,1428563783028,001,25.0
temp,1428563814669,001,96.8
humidity,1428563841988,001,25.0
temp,1428563873628,001,96.8
humidity,1428563901070,001,25.0
temp,1428563932707,001,96.8
humidity,1428563960068,001,25.0
temp,1428563991669,001,96.8
humidity,1428564019068,001,25.0
temp,1428564050716,001,96.8
humidity,1428564078071,001,25.0
temp,1428564109708,001,96.8
humidity,1428564137116,001,25.0
temp,1428564168796,001,98.6
humidity,1428564196192,001,24.0
temp,1428564227788,001,98.6
humidity,1428564255188,001,24.0
temp,1428564286836,001,98.6
humidity,1428564314196,001,24.0
temp,1428564345868,001,100.4
humidity,1428564373236,001,24.0
temp,1428564404908,001,96.8
humidity,1428564432228,001,25.0
temp,1428564463871,001,96.8
humidity,1428564491309,001,25.0
temp,1428564522909,001,95.0
humidity,1428564550268,001,25.0
temp,1428564581908,001,95.0
humidity,1428564609348,001,25.0
temp,1428564640948,001,95.0
humidity,1428564668348,001,25.0
temp,1428564699988,001,93.2
humidity,1428564727348,001,26.0
temp,1428564759028,001,91.4
humidity,1428564786348,001,26.0
temp,1428564818027,001,89.6
humidity,1428564845388,001,27.0
temp,1428564877042,001,89.6
humidity,1428564904401,001,27.0
temp,1428564936082,001,89.6
humidity,1428564963441,001,27.0
temp,1428564995081,001,87.8
humidity,1428565022440,001,27.0
temp,1428565054082,001,87.8
humidity,1428565081521,001,27.0
temp,1428565113128,001,89.6
humidity,1428565140481,001,27.0
temp,1428565172148,001,89.6
humidity,1428565199540,001,27.0
temp,1428565231139,001,91.4
humidity,1428565258501,001,26.0
temp,1428565290179,001,91.4
humidity,1428565317540,001,26.0
temp,1428565349172,001,91.4
humidity,1428565376613,001,26.0
temp,1428565408200,001,91.4
humidity,1428565435600,001,26.0
temp,1428565467241,001,89.6
humidity,1428565494600,001,27.0
temp,1428565526297,001,89.6
humidity,1428565553658,001,27.0
temp,1428565585271,001,87.8
humidity,1428565612630,001,27.0
temp,1428565644298,001,87.8
humidity,1428565671659,001,27.0
temp,1428565703300,001,87.8
humidity,1428565730739,001,27.0
temp,1428565762379,001,87.8
humidity,1428565789738,001,27.0
temp,1428565821339,001,87.8
humidity,1428565848699,001,27.0
temp,1428565880339,001,87.8
humidity,1428565907741,001,27.0
temp,1428565939378,001,87.8
humidity,1428565966739,001,27.0
temp,1428565998397,001,87.8
humidity,1428566025836,001,27.0
temp,1428566057420,001,87.8
humidity,1428566084819,001,27.0
temp,1428566116458,001,87.8
humidity,1428566143858,001,27.0
temp,1428566175500,001,87.8
humidity,1428566202818,001,27.0
temp,1428566234458,001,87.8
humidity,1428566261879,001,27.0
temp,1428566293530,001,87.8
humidity,1428566320884,001,27.0
temp,1428566352672,001,87.8
humidity,1428566379913,001,27.0
temp,1428566411552,001,87.8
humidity,1428566438954,001,27.0
temp,1428566470591,001,87.8
humidity,1428566497913,001,27.0
temp,1428566529553,001,87.8
humidity,1428566556953,001,27.0
temp,1428566588588,001,87.8
humidity,1428566615956,001,27.0
temp,1428566647672,001,87.8
humidity,1428566675009,001,27.0
temp,1428566706650,001,86.0
humidity,1428566734009,001,28.0
temp,1428566765690,001,86.0
humidity,1428566793050,001,28.0
temp,1428566824698,001,86.0
humidity,1428566852051,001,28.0
temp,1428566883689,001,86.0
humidity,1428566911089,001,28.0
temp,1428566942689,001,84.2
humidity,1428566970130,001,28.0
temp,1428567001740,001,84.2
humidity,1428567029141,001,28.0
temp,1428567060729,001,86.0
humidity,1428567088133,001,28.0
temp,1428567119790,001,86.0
humidity,1428567147129,001,28.0
temp,1428567178768,001,86.0
humidity,1428567206168,001,28.0
temp,1428567237809,001,86.0
humidity,1428567265216,001,28.0
temp,1428567296927,001,86.0
humidity,1428567324202,001,28.0
temp,1428567355807,001,87.8
humidity,1428567383209,001,27.0
temp,1428567414800,001,87.8
humidity,1428567442212,001,27.0
temp,1428567473852,001,87.8
humidity,1428567501252,001,27.0
temp,1428567532899,001,87.8
humidity,1428567560252,001,27.0
temp,1428567591968,001,93.2
humidity,1428567619322,001,26.0
temp,1428567650921,001,95.0
humidity,1428567678321,001,25.0
temp,1428567710108,001,95.0
humidity,1428567737531,001,25.0
temp,1428567769051,001,95.0
humidity,1428567796371,001,25.0
temp,1428567828068,001,95.0
humidity,1428567855381,001,25.0
temp,1428567887061,001,95.0
humidity,1428567914379,001,25.0
temp,1428567974520,001,93.2
humidity,1428568001922,001,26.0
temp,1428568033601,001,91.4
humidity,1428568060980,001,26.0
temp,1428568092538,001,87.8
humidity,1428568119922,001,27.0
temp,1428568151600,001,84.2
humidity,1428568178993,001,28.0
temp,1428568210640,001,80.6
humidity,1428568237988,001,29.0
temp,1428568269759,001,78.8
humidity,1428568297049,001,30.0
temp,1428568328670,001,77.0
humidity,1428568356021,001,30.0
temp,1428568387663,001,75.2
humidity,1428568415062,001,31.0
temp,1428568446661,001,75.2
humidity,1428568474111,001,31.0
temp,1428568505692,001,75.2
humidity,1428568533077,001,33.0
temp,1428568564771,001,73.4
humidity,1428568592261,001,31.0
temp,1428568623777,001,73.4
humidity,1428568651178,001,31.0
temp,1428568682748,001,73.4
humidity,1428568710131,001,31.0
temp,1428568741809,001,73.4
humidity,1428568769222,001,31.0
temp,1428568800862,001,73.4
humidity,1428568828191,001,31.0
temp,1428568859858,001,71.6
humidity,1428568887259,001,32.0
temp,1428568918891,001,71.6
humidity,1428568946260,001,32.0
temp,1428568977888,001,71.6
humidity,1428569005388,001,32.0
temp,1428569036870,001,71.6
humidity,1428569064251,001,32.0
temp,1428569095930,001,71.6
humidity,1428569123258,001,32.0
temp,1428569155081,001,71.6
humidity,1428569182472,001,32.0
temp,1428569213918,001,71.6
humidity,1428569241293,001,32.0
temp,1428569273007,001,71.6
humidity,1428569300373,001,32.0
temp,1428569331949,001,71.6
humidity,1428569359348,001,32.0
temp,1428569391103,001,71.6
humidity,1428569418536,001,32.0
temp,1428569450030,001,71.6
humidity,1428569477360,001,32.0
temp,1428569508991,001,71.6
humidity,1428569536412,001,32.0
temp,1428569568033,001,71.6
humidity,1428569595388,001,32.0
temp,1428569627041,001,71.6
humidity,1428569654400,001,32.0
temp,1428569686099,001,71.6
humidity,1428569713539,001,32.0
temp,1428569745068,001,71.6
humidity,1428569772620,001,32.0
temp,1428569804139,001,71.6
humidity,1428569831499,001,32.0
temp,1428569863099,001,71.6
humidity,1428569890498,001,32.0
temp,1428569922180,001,71.6
humidity,1428569949510,001,32.0
temp,1428569981173,001,71.6
humidity,1428570008491,001,32.0
temp,1428570040149,001,71.6
humidity,1428570067551,001,32.0
temp,1428570099229,001,71.6
humidity,1428570126713,001,32.0
temp,1428570158168,001,71.6
humidity,1428570185569,001,32.0
temp,1428570217261,001,71.6
humidity,1428570244581,001,32.0
temp,1428570276260,001,71.6
humidity,1428570303660,001,32.0
temp,1428570335260,001,71.6
humidity,1428570362599,001,32.0
temp,1428570394290,001,71.6
humidity,1428570421649,001,32.0
temp,1428570453289,001,71.6
humidity,1428570480647,001,32.0
temp,1428570512319,001,71.6
humidity,1428570539651,001,32.0
temp,1428570571292,001,71.6
humidity,1428570598749,001,32.0
temp,1428570630378,001,71.6
humidity,1428570657737,001,32.0
temp,1428570689381,001,71.6
humidity,1428570716872,001,32.0
temp,1428570748587,001,71.6
humidity,1428570775738,001,32.0
temp,1428570807432,001,71.6
humidity,1428570834753,001,32.0
temp,1428570866401,001,71.6
humidity,1428570893802,001,32.0
temp,1428570925402,001,71.6
humidity,1428570952842,001,32.0
temp,1428570984443,001,71.6
humidity,1428571011841,001,32.0
temp,1428571043512,001,71.6
humidity,1428571070832,001,32.0
temp,1428571102511,001,71.6
humidity,1428571129880,001,32.0
temp,1428571161497,001,71.6
humidity,1428571189062,001,32.0
temp,1428571220544,001,71.6
humidity,1428571247901,001,32.0
temp,1428571279726,001,71.6
humidity,1428571306959,001,32.0
temp,1428571338559,001,71.6
humidity,1428571366008,001,32.0
temp,1428571397602,001,71.6
humidity,1428571424947,001,32.0
temp,1428571456589,001,71.6
humidity,1428571483949,001,32.0
temp,1428571515588,001,71.6
humidity,1428571543021,001,32.0
temp,1428571574660,001,71.6
humidity,1428571602060,001,32.0
temp,1428571633662,001,71.6
humidity,1428571661021,001,32.0
temp,1428571692702,001,71.6
humidity,1428571720061,001,32.0
temp,1428571751700,001,71.6
humidity,1428571779048,001,32.0
temp,1428571810729,001,71.6
humidity,1428571838127,001,32.0
temp,1428571869728,001,71.6
humidity,1428571897088,001,33.0
temp,1428571928741,001,71.6
humidity,1428571956181,001,32.0
temp,1428571987741,001,71.6
humidity,1428572015201,001,32.0
temp,1428572046802,001,71.6
humidity,1428572074181,001,32.0
temp,1428572105819,001,71.6
humidity,1428572133161,001,32.0
temp,1428572164802,001,71.6
humidity,1428572192201,001,32.0
temp,1428572223883,001,71.6
humidity,1428572251258,001,32.0
temp,1428572282898,001,71.6
humidity,1428572310281,001,32.0
temp,1428572341921,001,71.6
humidity,1428572369238,001,32.0
temp,1428572400910,001,71.6
humidity,1428572428319,001,32.0
temp,1428572459908,001,71.6
humidity,1428572487341,001,32.0
temp,1428572518941,001,71.6
humidity,1428572546307,001,32.0
temp,1428572577941,001,71.6
humidity,1428572605381,001,32.0
temp,1428572636995,001,71.6
humidity,1428572664393,001,32.0
temp,1428572695991,001,71.6
humidity,1428572723411,001,32.0
temp,1428572754998,001,71.6
humidity,1428572782439,001,32.0
temp,1428572814021,001,71.6
humidity,1428572841381,001,32.0
temp,1428572873079,001,71.6
humidity,1428572900441,001,32.0
temp,1428572932081,001,71.6
humidity,1428572959441,001,32.0
temp,1428572991072,001,71.6
humidity,1428573018491,001,32.0
temp,1428573050134,001,71.6
humidity,1428573077492,001,32.0
temp,1428573109157,001,71.6
humidity,1428573136558,001,32.0
temp,1428573168139,001,71.6
humidity,1428573195588,001,32.0
temp,1428573227237,001,71.6
humidity,1428573254558,001,32.0
temp,1428573286237,001,71.6
humidity,1428573313597,001,32.0
temp,1428573345201,001,71.6
humidity,1428573372609,001,32.0
temp,1428573404209,001,71.6
humidity,1428573431649,001,32.0
temp,1428573463249,001,71.6
humidity,1428573490650,001,32.0
temp,1428573522257,001,71.6
humidity,1428573549618,001,32.0
temp,1428573581338,001,71.6
humidity,1428573608682,001,32.0
temp,1428573640295,001,73.4
humidity,1428573667723,001,31.0
temp,1428573699318,001,71.6
humidity,1428573726718,001,32.0
temp,1428573758367,001,71.6
humidity,1428573785760,001,32.0
temp,1428573817360,001,71.6
humidity,1428573844736,001,32.0
temp,1428573876400,001,71.6
humidity,1428573903760,001,32.0
temp,1428573935399,001,71.6
humidity,1428573962779,001,32.0
temp,1428573994460,001,71.6
humidity,1428574021818,001,32.0
temp,1428574053490,001,71.6
humidity,1428574080834,001,32.0
temp,1428574112469,001,71.6
humidity,1428574139869,001,32.0
temp,1428574171467,001,71.6
humidity,1428574198869,001,32.0
temp,1428574230482,001,71.6
humidity,1428574258022,001,32.0
temp,1428574289500,001,71.6
humidity,1428574316920,001,32.0
temp,1428574348510,001,71.6
humidity,1428574375951,001,32.0
temp,1428574407549,001,69.8
humidity,1428574434900,001,32.0
temp,1428574466542,001,71.6
humidity,1428574493941,001,32.0
temp,1428574525581,001,71.6
humidity,1428574552931,001,32.0
temp,1428574584611,001,71.6
humidity,1428574611953,001,32.0
temp,1428574643591,001,71.6
humidity,1428574671030,001,32.0
temp,1428574702672,001,71.6
humidity,1428574730032,001,32.0
temp,1428574761683,001,71.6
humidity,1428574789009,001,32.0
temp,1428574820669,001,71.6
humidity,1428574848207,001,32.0
temp,1428574879686,001,71.6
humidity,1428574907210,001,32.0
temp,1428574938688,001,71.6
humidity,1428574966096,001,32.0
temp,1428574997760,001,71.6
humidity,1428575025121,001,32.0
temp,1428575056802,001,71.6
humidity,1428575084122,001,32.0
temp,1428575116778,001,71.6
humidity,1428575143172,001,32.0
temp,1428575174959,001,71.6
humidity,1428575202158,001,32.0
temp,1428575233879,001,71.6
humidity,1428575261180,001,32.0
temp,1428575292811,001,71.6
humidity,1428575320229,001,32.0
temp,1428575351830,001,71.6
humidity,1428575379230,001,32.0
temp,1428575410909,001,69.8
humidity,1428575438230,001,32.0
temp,1428575469874,001,71.6
humidity,1428575497250,001,32.0
temp,1428575528939,001,71.6
humidity,1428575556282,001,32.0
temp,1428575587933,001,71.6
humidity,1428575615269,001,32.0
temp,1428575646956,001,71.6
humidity,1428575674433,001,32.0
temp,1428575705992,001,71.6
humidity,1428575733353,001,32.0
temp,1428575764993,001,71.6
humidity,1428575792381,001,32.0
temp,1428575824020,001,71.6
humidity,1428575851409,001,32.0
temp,1428575883050,001,71.6
humidity,1428575910422,001,32.0
temp,1428575942063,001,69.8
humidity,1428575969420,001,32.0
temp,1428576001060,001,71.6
humidity,1428576028439,001,32.0
temp,1428576060080,001,69.8
humidity,1428576087439,001,32.0
temp,1428576119128,001,71.6
humidity,1428576146428,001,32.0
temp,1428576178068,001,71.6
humidity,1428576205501,001,32.0
temp,1428576237140,001,71.6
humidity,1428576264501,001,32.0
temp,1428576296279,001,71.6
humidity,1428576323549,001,32.0
temp,1428576355182,001,71.6
humidity,1428576382542,001,32.0
temp,1428576414202,001,71.6
humidity,1428576441572,001,32.0
temp,1428576473179,001,69.8
humidity,1428576500563,001,32.0
temp,1428576532161,001,71.6
humidity,1428576559743,001,32.0
temp,1428576591269,001,71.6
humidity,1428576618582,001,32.0
temp,1428576650262,001,71.6
humidity,1428576677593,001,32.0
temp,1428576709209,001,71.6
humidity,1428576736635,001,32.0
temp,1428576768309,001,69.8
humidity,1428576795668,001,32.0
temp,1428576827241,001,69.8
humidity,1428576854681,001,32.0
temp,1428576886320,001,71.6
humidity,1428576913702,001,32.0
temp,1428576945341,001,69.8
humidity,1428576972703,001,32.0
temp,1428577004469,001,69.8
humidity,1428577031749,001,32.0
temp,1428577063386,001,71.6
humidity,1428577090750,001,32.0
temp,1428577122390,001,71.6
humidity,1428577149758,001,32.0
temp,1428577181389,001,69.8
humidity,1428577208772,001,32.0
temp,1428577240441,001,69.8
humidity,1428577267805,001,32.0
temp,1428577299405,001,71.6
humidity,1428577326841,001,32.0
temp,1428577358459,001,69.8
humidity,1428577386059,001,32.0
temp,1428577417504,001,69.8
humidity,1428577444862,001,32.0
temp,1428577476501,001,69.8
humidity,1428577503897,001,32.0
temp,1428577535528,001,69.8
humidity,1428577562911,001,32.0
temp,1428577594552,001,71.6
humidity,1428577621901,001,32.0
temp,1428577653560,001,69.8
humidity,1428577680948,001,32.0
temp,1428577712579,001,69.8
humidity,1428577739959,001,32.0
temp,1428577771601,001,69.8
humidity,1428577798985,001,32.0
temp,1428577830602,001,71.6
humidity,1428577858001,001,32.0
temp,1428577889640,001,71.6
humidity,1428577917021,001,32.0
temp,1428577948663,001,71.6
humidity,1428577978608,001,32.0
temp,1428578009601,001,71.6
humidity,1428578035083,001,32.0
temp,1428578066712,001,71.6
humidity,1428578094032,001,32.0
temp,1428578125711,001,71.6
humidity,1428578153092,001,32.0
temp,1428578184682,001,69.8
humidity,1428578212122,001,32.0
temp,1428578243720,001,71.6
humidity,1428578271119,001,32.0
temp,1428578302728,001,69.8
humidity,1428578330153,001,32.0
temp,1428578361758,001,69.8
humidity,1428578389150,001,32.0
temp,1428578420760,001,69.8
humidity,1428578448169,001,32.0
temp,1428578479789,001,69.8
humidity,1428578507170,001,32.0
temp,1428578538931,001,69.8
humidity,1428578566209,001,32.0
temp,1428578597809,001,69.8
humidity,1428578625390,001,32.0
temp,1428578656822,001,69.8
humidity,1428578684220,001,32.0
temp,1428578715901,001,69.8
humidity,1428578743370,001,32.0
temp,1428578774904,001,69.8
humidity,1428578802222,001,32.0
temp,1428578833915,001,69.8
humidity,1428578861314,001,32.0
temp,1428578892961,001,69.8
humidity,1428578920313,001,32.0
temp,1428578951951,001,69.8
humidity,1428578979329,001,32.0
temp,1428579010940,001,69.8
humidity,1428579038352,001,32.0
temp,1428579070032,001,69.8
humidity,1428579097360,001,32.0
temp,1428579128991,001,69.8
humidity,1428579156391,001,32.0
temp,1428579188003,001,69.8
humidity,1428579215431,001,32.0
temp,1428579247031,001,69.8
humidity,1428579274378,001,32.0
temp,1428579306011,001,69.8
humidity,1428579333412,001,32.0
temp,1428579365031,001,69.8
humidity,1428579392389,001,32.0
temp,1428579424054,001,69.8
humidity,1428579451489,001,32.0
temp,1428579483049,001,69.8
humidity,1428579510490,001,32.0
temp,1428579542125,001,69.8
humidity,1428579569480,001,36.0
temp,1428579601129,001,69.8
humidity,1428579628520,001,32.0
temp,1428579660121,001,69.8
humidity,1428579687562,001,32.0
temp,1428579719161,001,69.8
humidity,1428579746574,001,32.0
temp,1428579778213,001,69.8
humidity,1428579805599,001,32.0
temp,1428579837249,001,69.8
humidity,1428579865550,001,32.0
temp,1428579896278,001,69.8
humidity,1428579923629,001,32.0
temp,1428579955278,001,69.8
humidity,1428579982629,001,32.0
temp,1428580014273,001,69.8
humidity,1428580041672,001,32.0
temp,1428580073431,001,69.8
humidity,1428580100692,001,32.0
temp,1428580132293,001,69.8
humidity,1428580159698,001,32.0
temp,1428580191299,001,69.8
humidity,1428580218744,001,32.0
temp,1428580250400,001,69.8
humidity,1428580277774,001,32.0
temp,1428580309373,001,69.8
humidity,1428580336693,001,32.0
temp,1428580368366,001,69.8
humidity,1428580395772,001,32.0
temp,1428580427421,001,69.8
humidity,1428580454751,001,32.0
temp,1428580486370,001,69.8
humidity,1428580513801,001,32.0
temp,1428580545449,001,69.8
humidity,1428580572817,001,32.0
temp,1428580604433,001,69.8
humidity,1428580631853,001,32.0
temp,1428580663462,001,69.8
humidity,1428580690864,001,32.0
temp,1428580722506,001,69.8
humidity,1428580749841,001,32.0
temp,1428580781510,001,69.8
humidity,1428580808877,001,32.0
temp,1428580840509,001,69.8
humidity,1428580867877,001,32.0
temp,1428580899524,001,69.8
humidity,1428580926924,001,32.0
temp,1428580958597,001,69.8
humidity,1428580985908,001,32.0
temp,1428581017590,001,69.8
humidity,1428581044908,001,32.0
temp,1428581076592,001,69.8
humidity,1428581103988,001,32.0
temp,1428581135645,001,69.8
humidity,1428581162988,001,32.0
temp,1428581194636,001,69.8
humidity,1428581222121,001,32.0
temp,1428581253775,001,69.8
humidity,1428581281041,001,32.0
temp,1428581312675,001,69.8
humidity,1428581340041,001,32.0
temp,1428581371683,001,69.8
humidity,1428581399049,001,32.0
temp,1428581430696,001,69.8
humidity,1428581458072,001,32.0
temp,1428581489713,001,69.8
humidity,1428581517084,001,32.0
temp,1428581548728,001,69.8
humidity,1428581576089,001,32.0
temp,1428581607736,001,69.8
humidity,1428581635122,001,32.0
temp,1428581666775,001,68.0
humidity,1428581694173,001,33.0
temp,1428581725780,001,68.0
humidity,1428581753255,001,33.0
temp,1428581784784,001,68.0
humidity,1428581812121,001,33.0
temp,1428581843785,001,68.0
humidity,1428581871300,001,33.0
temp,1428581902821,001,68.0
humidity,1428581930191,001,33.0
temp,1428581961862,001,68.0
humidity,1428581989221,001,33.0
temp,1428582020861,001,68.0
humidity,1428582048208,001,33.0
temp,1428582079870,001,68.0
humidity,1428582107228,001,33.0
temp,1428582138861,001,68.0
humidity,1428582166260,001,33.0
temp,1428582197901,001,68.0
humidity,1428582225301,001,33.0
temp,1428582256881,001,68.0
humidity,1428582284321,001,33.0
temp,1428582315951,001,68.0
humidity,1428582343350,001,33.0
temp,1428582375028,001,68.0
humidity,1428582402389,001,33.0
temp,1428582434193,001,68.0
humidity,1428582461392,001,33.0
temp,1428582493097,001,68.0
humidity,1428582520453,001,33.0
temp,1428582552090,001,68.0
humidity,1428582579473,001,33.0
temp,1428582612260,001,68.0
humidity,1428582638483,001,33.0
temp,1428582670092,001,68.0
humidity,1428582697491,001,33.0
temp,1428582729180,001,68.0
humidity,1428582756541,001,33.0
temp,1428582788183,001,68.0
humidity,1428582815605,001,33.0
temp,1428582847163,001,68.0
humidity,1428582874562,001,33.0
temp,1428582906222,001,68.0
humidity,1428582933702,001,33.0
temp,1428582965235,001,68.0
humidity,1428582992601,001,33.0
temp,1428583024242,001,68.0
humidity,1428583051609,001,33.0
temp,1428583083376,001,68.0
humidity,1428583110569,001,33.0
temp,1428583143650,001,68.0
humidity,1428583170601,001,33.0
temp,1428583202242,001,68.0
humidity,1428583229591,001,33.0
temp,1428583262352,001,68.0
humidity,1428583288676,001,33.0
temp,1428583320280,001,68.0
humidity,1428583347667,001,33.0
temp,1428583379252,001,68.0
humidity,1428583406693,001,33.0
temp,1428583438280,001,68.0
humidity,1428583465689,001,33.0
temp,1428583497281,001,68.0
humidity,1428583524666,001,33.0
temp,1428583556331,001,68.0
humidity,1428583583662,001,33.0
temp,1428583615368,001,68.0
humidity,1428583642686,001,33.0
temp,1428583674363,001,68.0
humidity,1428583701762,001,33.0
temp,1428583733313,001,68.0
humidity,1428583760787,001,33.0
temp,1428583792392,001,68.0
humidity,1428583819732,001,33.0
temp,1428583851409,001,68.0
humidity,1428583878810,001,33.0
temp,1428583910422,001,68.0
humidity,1428583937841,001,33.0
temp,1428583969484,001,68.0
humidity,1428583996822,001,33.0
temp,1428584028444,001,68.0
humidity,1428584055848,001,33.0
temp,1428584087492,001,68.0
humidity,1428584114841,001,33.0
temp,1428584146523,001,68.0
humidity,1428584173881,001,33.0
temp,1428584205521,001,68.0
humidity,1428584232913,001,33.0
temp,1428584264591,001,68.0
humidity,1428584291880,001,33.0
temp,1428584323519,001,68.0
humidity,1428584350976,001,33.0
temp,1428584382575,001,68.0
humidity,1428584409928,001,33.0
temp,1428584441583,001,68.0
humidity,1428584468969,001,33.0
temp,1428584500602,001,68.0
humidity,1428584528001,001,33.0
temp,1428584559581,001,68.0
humidity,1428584586986,001,33.0
temp,1428584618622,001,68.0
humidity,1428584646022,001,33.0
temp,1428584677662,001,68.0
humidity,1428584705041,001,33.0
temp,1428584736703,001,68.0
humidity,1428584764039,001,33.0
temp,1428584795692,001,68.0
humidity,1428584823096,001,33.0
temp,1428584854700,001,68.0
humidity,1428584882100,001,37.0
temp,1428584913733,001,68.0
humidity,1428584941040,001,33.0
temp,1428584972721,001,68.0
humidity,1428585000126,001,33.0
temp,1428585031759,001,68.0
humidity,1428585059088,001,33.0
temp,1428585090770,001,68.0
humidity,1428585118170,001,34.0
temp,1428585149771,001,68.0
humidity,1428585177114,001,33.0
temp,1428585208810,001,68.0
humidity,1428585236173,001,33.0
temp,1428585267824,001,68.0
humidity,1428585295189,001,33.0
temp,1428585326821,001,68.0
humidity,1428585354350,001,33.0
temp,1428585385861,001,68.0
humidity,1428585413269,001,33.0
temp,1428585444985,001,68.0
humidity,1428585472259,001,33.0
temp,1428585504034,001,68.0
humidity,1428585531292,001,33.0
temp,1428585562931,001,68.0
humidity,1428585590299,001,33.0
temp,1428585621932,001,68.0
humidity,1428585649340,001,33.0
temp,1428585680931,001,68.0
humidity,1428585708296,001,33.0
temp,1428585739953,001,68.0
humidity,1428585767360,001,33.0
temp,1428585798952,001,68.0
humidity,1428585826313,001,33.0
temp,1428585857953,001,68.0
humidity,1428585885372,001,33.0
temp,1428585917032,001,68.0
temp,1428585977942,001,68.0
humidity,1428586005340,001,33.0
temp,1428586036980,001,68.0
humidity,1428586064353,001,33.0
temp,1428586095953,001,68.0
humidity,1428586123352,001,33.0
temp,1428586154987,001,68.0
humidity,1428586182383,001,33.0
temp,1428586214031,001,68.0
humidity,1428586241392,001,33.0
temp,1428586273050,001,73.4
humidity,1428586300408,001,31.0
temp,1428586332043,001,68.0
humidity,1428586359441,001,36.0
temp,1428586391050,001,68.0
humidity,1428586418431,001,33.0
temp,1428586450120,001,68.0
humidity,1428586477487,001,33.0
temp,1428586509109,001,68.0
humidity,1428586536502,001,33.0
temp,1428586568150,001,68.0
humidity,1428586595532,001,33.0
temp,1428586627153,001,68.0
humidity,1428586654553,001,33.0
temp,1428586686163,001,68.0
humidity,1428586713564,001,33.0
temp,1428586745203,001,68.0
humidity,1428586772563,001,33.0
temp,1428586804345,001,68.0
humidity,1428586831592,001,33.0
temp,1428586863180,001,68.0
humidity,1428586890625,001,33.0
temp,1428586922216,001,68.0
humidity,1428586949653,001,33.0
temp,1428586981251,001,68.0
humidity,1428587008663,001,33.0
temp,1428587040291,001,68.0
humidity,1428587067650,001,33.0
temp,1428587099331,001,68.0
humidity,1428587126691,001,33.0
temp,1428587158334,001,68.0
humidity,1428587185690,001,33.0
temp,1428587217351,001,68.0
humidity,1428587244861,001,33.0
temp,1428587276352,001,68.0
humidity,1428587303741,001,33.0
temp,1428587335381,001,68.0
humidity,1428587362912,001,33.0
temp,1428587394430,001,68.0
humidity,1428587421789,001,33.0
temp,1428587453549,001,68.0
humidity,1428587480917,001,34.0
temp,1428587512612,001,68.0
humidity,1428587539842,001,33.0
temp,1428587571479,001,68.0
humidity,1428587598798,001,33.0
temp,1428587630487,001,68.0
humidity,1428587657838,001,33.0
temp,1428587689447,001,68.0
humidity,1428587716878,001,33.0
temp,1428587748541,001,68.0
humidity,1428587775892,001,33.0
temp,1428587807471,001,68.0
humidity,1428587834887,001,33.0
temp,1428587866561,001,68.0
humidity,1428587893922,001,33.0
temp,1428587925569,001,68.0
humidity,1428587952960,001,33.0
temp,1428587984593,001,68.0
humidity,1428588011953,001,33.0
temp,1428588043612,001,68.0
humidity,1428588070973,001,33.0
temp,1428588102613,001,68.0
humidity,1428588130013,001,33.0
temp,1428588161652,001,69.8
humidity,1428588189013,001,32.0
temp,1428588220652,001,68.0
humidity,1428588248030,001,33.0
temp,1428588279652,001,68.0
humidity,1428588307054,001,33.0
temp,1428588338710,001,68.0
humidity,1428588366104,001,33.0
temp,1428588397683,001,68.0
humidity,1428588425099,001,33.0
temp,1428588456680,001,68.0
humidity,1428588484079,001,33.0
temp,1428588515759,001,68.0
humidity,1428588543104,001,33.0
temp,1428588574863,001,68.0
humidity,1428588602270,001,33.0
temp,1428588633831,001,68.0
humidity,1428588661174,001,33.0
temp,1428588692783,001,68.0
humidity,1428588720198,001,34.0
temp,1428588751945,001,68.0
humidity,1428588779142,001,33.0
temp,1428588810833,001,68.0
humidity,1428588838228,001,33.0
temp,1428588869803,001,68.0
humidity,1428588897251,001,33.0
temp,1428588928812,001,68.0
humidity,1428588956252,001,33.0
temp,1428588987860,001,68.0
humidity,1428589015263,001,33.0
temp,1428589046859,001,68.0
humidity,1428589074261,001,33.0
temp,1428589105941,001,68.0
humidity,1428589133309,001,33.0
temp,1428589164952,001,68.0
humidity,1428589192312,001,33.0
temp,1428589223951,001,68.0
humidity,1428589251340,001,33.0
temp,1428589282981,001,68.0
humidity,1428589310373,001,33.0
temp,1428589349381,001,68.0
humidity,1428589369381,001,33.0
temp,1428589401021,001,68.0
humidity,1428589428341,001,33.0
temp,1428589460050,001,68.0
humidity,1428589487410,001,33.0
temp,1428589519090,001,68.0
humidity,1428589546450,001,33.0
temp,1428589578048,001,68.0
humidity,1428589605456,001,34.0
temp,1428589637041,001,68.0
humidity,1428589664444,001,33.0
temp,1428589696122,001,68.0
humidity,1428589723488,001,33.0
temp,1428589755144,001,68.0
humidity,1428589782504,001,33.0
temp,1428589814142,001,68.0
humidity,1428589841557,001,33.0
temp,1428589873182,001,68.0
humidity,1428589900556,001,33.0
temp,1428589932184,001,68.0
humidity,1428589959502,001,33.0
temp,1428589991222,001,68.0
humidity,1428590018663,001,37.0
temp,1428590050275,001,68.0
humidity,1428590077679,001,34.0
temp,1428590109321,001,68.0
humidity,1428590136680,001,33.0
temp,1428590168327,001,68.0
humidity,1428590195686,001,33.0
humidity,1428590254688,001,33.0
temp,1428590286353,001,68.0
humidity,1428590313712,001,33.0
temp,1428590345379,001,68.0
humidity,1428590372689,001,33.0
temp,1428590404393,001,68.0
humidity,1428590431773,001,33.0
temp,1428590463412,001,68.0
humidity,1428590490732,001,33.0
temp,1428590522403,001,68.0
humidity,1428590549811,001,33.0
temp,1428590581573,001,68.0
humidity,1428590608820,001,34.0
temp,1428590640455,001,68.0
humidity,1428590667823,001,33.0
temp,1428590699493,001,68.0
humidity,1428590726873,001,33.0
temp,1428590758519,001,68.0
humidity,1428590785891,001,33.0
temp,1428590817528,001,68.0
humidity,1428590844904,001,33.0
temp,1428590876761,001,68.0
humidity,1428590903918,001,33.0
temp,1428590935570,001,68.0
humidity,1428590962966,001,33.0
temp,1428590994612,001,68.0
humidity,1428591021981,001,33.0
temp,1428591053666,001,73.4
humidity,1428591081157,001,31.0
temp,1428591112670,001,68.0
humidity,1428591140030,001,33.0
temp,1428591171688,001,68.0
humidity,1428591199048,001,37.0
temp,1428591230715,001,68.0
temp,1428608176570,001,68.0
humidity,1428608204009,001,37.0
temp,1428608235640,001,68.0
humidity,1428608263034,001,34.0
temp,1428608294717,001,68.0
humidity,1428608323520,001,33.0
temp,1428608354721,001,68.0
humidity,1428608381997,001,37.0
temp,1428608413651,001,68.0
humidity,1428608441050,001,34.0
temp,1428608472690,001,68.0
humidity,1428608500044,001,35.0
temp,1428608531731,001,68.0
humidity,1428608560226,001,34.0
temp,1428608592148,001,68.0
humidity,1428608619117,001,33.0
temp,1428608650757,001,68.0
humidity,1428608678140,001,33.0
temp,1428608709762,001,68.0
humidity,1428608737159,001,33.0
temp,1428608768808,001,68.0
humidity,1428608796164,001,34.0
temp,1428608827926,001,68.0
humidity,1428608855295,001,33.0
temp,1428608886922,001,68.0
humidity,1428608914230,001,34.0
temp,1428608945872,001,68.0
humidity,1428608973278,001,33.0
temp,1428609004926,001,68.0
humidity,1428609033864,001,34.0
temp,1428609064919,001,68.0
humidity,1428609092279,001,34.0
temp,1428609123952,001,68.0
humidity,1428609151302,001,33.0
temp,1428609182942,001,68.0
humidity,1428609210389,001,36.0
temp,1428609242031,001,68.0
humidity,1428609269422,001,36.0
temp,1428609301219,001,68.0
humidity,1428609328448,001,34.0
temp,1428609360095,001,68.0
humidity,1428609387647,001,34.0
temp,1428609419149,001,68.0
humidity,1428609446620,001,34.0
temp,1428609478170,001,68.0
humidity,1428609505552,001,33.0
temp,1428609537171,001,68.0
humidity,1428609564562,001,33.0
temp,1428609596189,001,68.0
humidity,1428609623591,001,34.0
temp,1428609655272,001,68.0
humidity,1428609682630,001,33.0
temp,1428609714318,001,68.0
humidity,1428609741591,001,34.0
temp,1428609773277,001,68.0
humidity,1428609800710,001,34.0
temp,1428609832310,001,68.0
humidity,1428609859670,001,34.0
temp,1428609891351,001,68.0
humidity,1428609918718,001,34.0
temp,1428609950406,001,68.0
humidity,1428609977758,001,34.0
temp,1428610009393,001,68.0
humidity,1428610036798,001,33.0
temp,1428610068430,001,68.0
humidity,1428610095790,001,34.0
temp,1428610127512,001,68.0
humidity,1428610154831,001,34.0
temp,1428610186461,001,68.0
humidity,1428610213870,001,34.0
temp,1428610246509,001,68.0
humidity,1428610272909,001,35.0
temp,1428610304541,001,68.0
humidity,1428610331940,001,33.0
temp,1428610363549,001,68.0
humidity,1428610390950,001,34.0
temp,1428610422619,001,68.0
humidity,1428610450029,001,34.0
temp,1428610481661,001,68.0
humidity,1428610509110,001,37.0
temp,1428610542148,001,68.0
humidity,1428610569150,001,37.0
temp,1428610600750,001,68.0
humidity,1428610628189,001,33.0
temp,1428610659824,001,69.8
humidity,1428610687224,001,33.0
temp,1428610718943,001,68.0
humidity,1428610747453,001,33.0
temp,1428610777980,001,68.0
humidity,1428610805379,001,37.0
temp,1428610837107,001,68.0
humidity,1428610864411,001,34.0
temp,1428610896043,001,68.0
humidity,1428610923403,001,34.0
temp,1428610955051,001,71.6
humidity,1428610982459,001,32.0
temp,1428611014127,001,68.0
humidity,1428611041522,001,33.0
temp,1428611073163,001,68.0
humidity,1428611100539,001,34.0
temp,1428611132221,001,68.0
humidity,1428611159579,001,33.0
temp,1428611191228,001,68.0
humidity,1428611218587,001,34.0
temp,1428611250259,001,68.0
humidity,1428611277667,001,34.0
temp,1428611309299,001,68.0
humidity,1428611336659,001,34.0
temp,1428611368300,001,68.0
humidity,1428611395699,001,33.0
temp,1428611427343,001,68.0
humidity,1428611454715,001,33.0
temp,1428611486339,001,68.0
humidity,1428611515149,001,33.0
temp,1428611546320,001,68.0
humidity,1428611573719,001,34.0
temp,1428611605360,001,68.0
humidity,1428611632727,001,33.0
temp,1428611664377,001,71.6
humidity,1428611691775,001,32.0
temp,1428611723408,001,68.0
humidity,1428611750780,001,34.0
temp,1428611782450,001,68.0
humidity,1428611809816,001,34.0
temp,1428611841480,001,68.0
humidity,1428611868841,001,33.0
temp,1428611900480,001,68.0
humidity,1428611927843,001,37.0
temp,1428611959510,001,68.0
humidity,1428611986874,001,34.0
temp,1428612018510,001,68.0
humidity,1428612045909,001,34.0
temp,1428612140350,001,68.0
humidity,1428612167757,001,34.0
temp,1428612199365,001,68.0
humidity,1428612226789,001,34.0
temp,1428612259710,001,69.8
humidity,1428612286750,001,33.0
temp,1428612318389,001,68.0
humidity,1428612345790,001,34.0
temp,1428612377430,001,68.0
humidity,1428612404789,001,34.0
temp,1428612436470,001,68.0
humidity,1428612463837,001,33.0
temp,1428612495518,001,68.0
humidity,1428612522884,001,33.0
temp,1428612554549,001,68.0
humidity,1428612581909,001,34.0
temp,1428612613550,001,68.0
humidity,1428612640932,001,33.0
temp,1428612672693,001,68.0
humidity,1428612700053,001,33.0
temp,1428612731659,001,68.0
humidity,1428612759092,001,33.0
temp,1428612790803,001,68.0
humidity,1428612818181,001,37.0
temp,1428612849812,001,68.0
humidity,1428612877300,001,38.0
temp,1428612908939,001,68.0
humidity,1428612936333,001,34.0
temp,1428612967979,001,69.8
humidity,1428612996772,001,34.0
temp,1428613028011,001,68.0
humidity,1428613055372,001,34.0
temp,1428613087012,001,69.8
humidity,1428613114413,001,32.0
temp,1428613146052,001,68.0
humidity,1428613174812,001,34.0
temp,1428613206052,001,68.0
humidity,1428613233419,001,33.0
temp,1428613265092,001,69.8
humidity,1428613292492,001,33.0
temp,1428613324132,001,68.0
humidity,1428613351492,001,34.0
temp,1428613383172,001,68.0
humidity,1428613410492,001,38.0
temp,1428613442131,001,69.8
humidity,1428613469531,001,33.0
temp,1428613501172,001,69.8
humidity,1428613528612,001,37.0
temp,1428613560180,001,68.0
humidity,1428613588971,001,39.0
temp,1428613620197,001,69.8
humidity,1428613647611,001,32.0
temp,1428613679299,001,68.0
humidity,1428613706652,001,38.0
temp,1428613739868,001,68.0
humidity,1428613766653,001,34.0
temp,1428613798340,001,68.0
humidity,1428613825772,001,34.0
temp,1428613857373,001,68.0
humidity,1428613884734,001,34.0
temp,1428613916468,001,68.0
humidity,1428613943827,001,33.0
temp,1428613975453,001,73.4
humidity,1428614002852,001,31.0
temp,1428614034492,001,73.4
humidity,1428614061852,001,32.0
temp,1428614093492,001,69.8
humidity,1428614120852,001,33.0
temp,1428614152580,001,69.8
humidity,1428614179948,001,33.0
temp,1428614211550,001,68.0
humidity,1428614238895,001,34.0
temp,1428614270540,001,68.0
humidity,1428614297899,001,34.0
temp,1428614329587,001,68.0
humidity,1428614356972,001,34.0
temp,1428614388588,001,69.8
humidity,1428614415980,001,33.0
temp,1428614447706,001,68.0
humidity,1428614475010,001,34.0
temp,1428614506791,001,68.0
humidity,1428614534145,001,34.0
temp,1428614565784,001,69.8
humidity,1428614593164,001,33.0
temp,1428614624694,001,73.4
humidity,1428614652042,001,32.0
temp,1428614683809,001,69.8
humidity,1428614711252,001,33.0
temp,1428614742744,001,69.8
humidity,1428614770263,001,32.0
temp,1428614802789,001,69.8
humidity,1428614829200,001,33.0
temp,1428614860949,001,69.8
humidity,1428614888316,001,33.0
temp,1428614920002,001,69.8
humidity,1428614947229,001,33.0
temp,1428614978881,001,69.8
humidity,1428615006429,001,35.0
temp,1428615038084,001,69.8
humidity,1428615066696,001,32.0
temp,1428615097880,001,69.8
humidity,1428615125410,001,33.0
temp,1428615157065,001,69.8
humidity,1428615184386,001,33.0
temp,1428615215919,001,69.8
humidity,1428615243451,001,32.0
temp,1428615275073,001,69.8
humidity,1428615302449,001,33.0
temp,1428615334004,001,69.8
humidity,1428615361404,001,33.0
temp,1428615393136,001,69.8
humidity,1428615420494,001,33.0
temp,1428615453545,001,69.8
humidity,1428615480552,001,33.0
temp,1428615512173,001,69.8
humidity,1428615539541,001,35.0
temp,1428615571165,001,69.8
humidity,1428615598557,001,33.0
temp,1428615630215,001,69.8
humidity,1428615657603,001,33.0
temp,1428615689276,001,69.8
humidity,1428615716673,001,32.0
temp,1428615748301,001,69.8
humidity,1428615775642,001,33.0
temp,1428615807294,001,69.8
humidity,1428615849710,001,35.0
temp,1428615866336,001,69.8
humidity,1428615893742,001,35.0
temp,1428615925360,001,69.8
humidity,1428615952750,001,37.0
temp,1428615984408,001,69.8
humidity,1428616011833,001,33.0
temp,1428616043434,001,69.8
humidity,1428616070841,001,33.0
temp,1428616102501,001,69.8
humidity,1428616130804,001,32.0
temp,1428616161478,001,69.8
humidity,1428616188846,001,33.0
temp,1428616220503,001,69.8
humidity,1428616247903,001,33.0
temp,1428616279500,001,69.8
humidity,1428616306865,001,33.0
temp,1428616338461,001,69.8
humidity,1428616365909,001,33.0
temp,1428616397505,001,69.8
humidity,1428616424873,001,32.0
temp,1428616456567,001,69.8
humidity,1428616483971,001,33.0
temp,1428616515632,001,69.8
humidity,1428616543033,001,33.0
temp,1428616574642,001,69.8
humidity,1428616602037,001,33.0
temp,1428616633715,001,69.8
humidity,1428616660965,001,33.0
temp,1428616692728,001,69.8
humidity,1428616720077,001,33.0
temp,1428616751730,001,71.6
humidity,1428616779158,001,33.0
temp,1428616810793,001,69.8
humidity,1428616838202,001,33.0
temp,1428616869734,001,69.8
humidity,1428616897133,001,33.0
temp,1428616928875,001,69.8
humidity,1428616956272,001,33.0
temp,1428616987953,001,75.2
humidity,1428617016233,001,34.0
temp,1428617046934,001,69.8
humidity,1428617074277,001,33.0
temp,1428617105910,001,69.8
humidity,1428617133295,001,32.0
temp,1428617164954,001,69.8
humidity,1428617192323,001,33.0
temp,1428617223975,001,69.8
humidity,1428617251385,001,33.0
temp,1428617283061,001,69.8
humidity,1428617310385,001,33.0
temp,1428617342053,001,69.8
humidity,1428617369434,001,33.0
temp,1428617401076,001,75.2
humidity,1428617428426,001,32.0
temp,1428617460085,001,69.8
humidity,1428617487443,001,33.0
temp,1428617519023,001,69.8
humidity,1428617546507,001,33.0
temp,1428617578137,001,69.8
humidity,1428617605515,001,34.0
temp,1428617637211,001,69.8
humidity,1428617664531,001,33.0
temp,1428617696183,001,73.4
humidity,1428617723575,001,35.0
temp,1428617755225,001,69.8
humidity,1428617782591,001,33.0
temp,1428617814239,001,69.8
humidity,1428617841644,001,33.0
temp,1428617873260,001,69.8
humidity,1428617900645,001,33.0
temp,1428617932262,001,69.8
humidity,1428617959638,001,33.0
temp,1428617991313,001,69.8
humidity,1428618018755,001,34.0
temp,1428618050310,001,69.8
humidity,1428618077658,001,33.0
temp,1428618109320,001,69.8
humidity,1428618136580,001,33.0
temp,1428618168360,001,69.8
humidity,1428618195725,001,33.0
temp,1428618227374,001,71.6
humidity,1428618254767,001,33.0
temp,1428618286429,001,69.8
humidity,1428618313779,001,33.0
temp,1428618345373,001,71.6
humidity,1428618372786,001,33.0
temp,1428618404429,001,71.6
humidity,1428618431806,001,33.0
temp,1428618463424,001,71.6
humidity,1428618490812,001,33.0
temp,1428618522454,001,71.6
humidity,1428618549882,001,32.0
temp,1428618581353,001,71.6
humidity,1428618608826,001,33.0
temp,1428618640512,001,69.8
humidity,1428618667870,001,33.0
temp,1428618699483,001,71.6
humidity,1428618726932,001,33.0
temp,1428618758509,001,71.6
humidity,1428618785880,001,33.0
temp,1428618817565,001,71.6
humidity,1428618844880,001,33.0
temp,1428618876584,001,71.6
humidity,1428618903930,001,33.0
temp,1428618935570,001,71.6
humidity,1428618962967,001,33.0
temp,1428618994511,001,71.6
humidity,1428619021997,001,33.0
temp,1428619053514,001,71.6
humidity,1428619081013,001,33.0
temp,1428619112903,001,71.6
humidity,1428619139997,001,33.0
temp,1428619171694,001,71.6
humidity,1428619199090,001,33.0
temp,1428619230691,001,71.6
humidity,1428619258049,001,33.0
temp,1428619289743,001,71.6
humidity,1428619317117,001,33.0
temp,1428619348709,001,71.6
humidity,1428619376111,001,33.0
temp,1428619407745,001,71.6
humidity,1428619435121,001,32.0
temp,1428619466811,001,71.6
humidity,1428619494134,001,33.0
temp,1428619525764,001,73.4
humidity,1428619553122,001,32.0
temp,1428619584657,001,71.6
humidity,1428619612217,001,33.0
temp,1428619643683,001,71.6
humidity,1428619671054,001,32.0
temp,1428619702885,001,71.6
humidity,1428619730205,001,32.0
temp,1428619761902,001,71.6
humidity,1428619789223,001,32.0
temp,1428619820920,001,71.6
humidity,1428619848244,001,33.0
temp,1428619879922,001,71.6
humidity,1428619907273,001,33.0
temp,1428619938941,001,71.6
humidity,1428619966272,001,33.0
temp,1428619997938,001,71.6
humidity,1428620025203,001,33.0
temp,1428620056944,001,71.6
humidity,1428620084212,001,33.0
temp,1428620115984,001,71.6
humidity,1428620143333,001,33.0
temp,1428620174959,001,71.6
humidity,1428620202253,001,33.0
temp,1428620234024,001,71.6
humidity,1428620261395,001,32.0
temp,1428620292942,001,71.6
humidity,1428620320423,001,32.0
temp,1428620352071,001,71.6
humidity,1428620379446,001,33.0
temp,1428620411246,001,71.6
humidity,1428620438363,001,33.0
temp,1428620469990,001,71.6
humidity,1428620497500,001,33.0
temp,1428620529135,001,71.6
humidity,1428620556499,001,32.0
temp,1428620588197,001,71.6
humidity,1428620615424,001,33.0
temp,1428620647213,001,71.6
humidity,1428620674548,001,33.0
temp,1428620706133,001,71.6
humidity,1428620733450,001,33.0
temp,1428620765114,001,71.6
humidity,1428620792586,001,33.0
temp,1428620824217,001,71.6
humidity,1428620851612,001,33.0
temp,1428620883250,001,71.6
humidity,1428620910613,001,33.0
temp,1428620942157,001,71.6
humidity,1428620969680,001,32.0
temp,1428621001341,001,71.6
humidity,1428621028740,001,33.0
temp,1428621060377,001,71.6
humidity,1428621087737,001,33.0
temp,1428621119273,001,71.6
humidity,1428621146661,001,32.0
temp,1428621178305,001,71.6
humidity,1428621205803,001,33.0
temp,1428621237370,001,71.6
humidity,1428621264695,001,33.0
temp,1428621296524,001,71.6
humidity,1428621323851,001,33.0
temp,1428621355521,001,71.6
humidity,1428621382855,001,33.0
temp,1428621414519,001,71.6
humidity,1428621441866,001,33.0
temp,1428621473426,001,71.6
humidity,1428621500875,001,32.0
temp,1428621532552,001,71.6
humidity,1428621559922,001,33.0
temp,1428621591561,001,71.6
humidity,1428621618935,001,33.0
temp,1428621650584,001,71.6
humidity,1428621677934,001,33.0
temp,1428621709589,001,71.6
humidity,1428621736840,001,33.0
temp,1428621768608,001,71.6
humidity,1428621795989,001,33.0
temp,1428621827608,001,71.6
humidity,1428621855027,001,33.0
temp,1428621886643,001,71.6
humidity,1428621913900,001,33.0
temp,1428621946641,001,71.6
humidity,1428621972941,001,34.0
temp,1428622004686,001,71.6
humidity,1428622032056,001,33.0
temp,1428622063689,001,71.6
humidity,1428622091134,001,33.0
temp,1428622123722,001,71.6
humidity,1428622149952,001,32.0
temp,1428622181624,001,71.6
humidity,1428622208984,001,35.0
temp,1428622240792,001,71.6
humidity,1428622268156,001,33.0
temp,1428622299775,001,71.6
humidity,1428622327153,001,33.0
temp,1428622358821,001,71.6
humidity,1428622386251,001,33.0
temp,1428622417907,001,71.6
humidity,1428622445113,001,33.0
temp,1428622476890,001,71.6
humidity,1428622504250,001,33.0
temp,1428622535911,001,71.6
humidity,1428622563190,001,33.0
temp,1428622594923,001,71.6
humidity,1428622622194,001,33.0
temp,1428622653935,001,71.6
humidity,1428622681199,001,33.0
temp,1428622712970,001,71.6
humidity,1428622740221,001,33.0
temp,1428622771942,001,71.6
humidity,1428622799446,001,33.0
temp,1428622831000,001,71.6
humidity,1428622858433,001,33.0
temp,1428622890082,001,71.6
humidity,1428622917540,001,33.0
temp,1428622949056,001,71.6
humidity,1428622976404,001,33.0
temp,1428623008048,001,71.6
humidity,1428623035412,001,33.0
temp,1428623066962,001,71.6
humidity,1428623094495,001,33.0
temp,1428623127125,001,71.6
humidity,1428623153439,001,33.0
temp,1428623184993,001,71.6
humidity,1428623212748,001,32.0
temp,1428623244177,001,71.6
humidity,1428623271556,001,33.0
temp,1428623303160,001,71.6
humidity,1428623330566,001,33.0
temp,1428623362407,001,71.6
humidity,1428623389615,001,32.0
temp,1428623421292,001,71.6
humidity,1428623448598,001,33.0
temp,1428623480253,001,71.6
humidity,1428623507664,001,33.0
temp,1428623539292,001,71.6
humidity,1428623566644,001,33.0
temp,1428623598164,001,71.6
humidity,1428623625483,001,33.0
temp,1428623657172,001,71.6
humidity,1428623684524,001,32.0
temp,1428623716204,001,75.2
humidity,1428623743555,001,32.0
temp,1428623775166,001,71.6
humidity,1428623802697,001,33.0
temp,1428623834309,001,71.6
humidity,1428623861736,001,33.0
temp,1428623893231,001,71.6
humidity,1428623920612,001,33.0
temp,1428623952352,001,71.6
humidity,1428623979650,001,33.0
temp,1428624011415,001,71.6
humidity,1428624038680,001,33.0
temp,1428624070348,001,71.6
humidity,1428624097856,001,33.0
temp,1428624129456,001,71.6
humidity,1428624156832,001,33.0
temp,1428624188341,001,71.6
humidity,1428624215740,001,33.0
temp,1428624247518,001,71.6
humidity,1428624274900,001,33.0
temp,1428624306551,001,71.6
humidity,1428624333909,001,33.0
temp,1428624365454,001,71.6
humidity,1428624392972,001,33.0
temp,1428624424612,001,71.6
temp,1428633943029,001,75.2
humidity,1428633970413,001,31.0
temp,1428634002093,001,75.2
humidity,1428634029412,001,32.0
temp,1428634061093,001,73.4
humidity,1428634088453,001,32.0
temp,1428634120091,001,71.6
humidity,1428634147461,001,33.0
temp,1428634179140,001,71.6
humidity,1428634206492,001,33.0
temp,1428634238181,001,71.6
humidity,1428634265534,001,33.0
temp,1428634298012,001,71.6
humidity,1428634325457,001,33.0
temp,1428634357051,001,71.6
humidity,1428634384453,001,33.0
temp,1428634416092,001,71.6
humidity,1428634443501,001,33.0
temp,1428634475101,001,75.2
humidity,1428634502452,001,32.0
temp,1428634534141,001,71.6
humidity,1428634561501,001,33.0
temp,1428634593133,001,69.8
temp,1428634770149,001,69.8
humidity,1428634797612,001,33.0
temp,1428634829236,001,69.8
humidity,1428634856643,001,33.0
humidity,1428634915642,001,32.0
temp,1428634947282,001,69.8
